{
  "name": "test",
  "objects": [
    {
      "id": 0,
      "name": "test1",
      "transform": {
        "position": [
          0.0,
          0.0,
          0.0
        ],
        "rotation": [
          -0.6324555277824402,
          -0.6324554681777954,
          0.31622788310050964,
          0.31622767448425293
        ],
        "scale": [
          0.9999997615814209,
          1.999999761581421,
          1.999999761581421
        ]
      }
    },
    {
      "id": 0,
      "name": "test2",
      "transform": {
        "position": [
          0.0,
          0.0,
          0.0
        ],
        "rotation": [
          -0.0,
          0.0,
          -0.0,
          1.0
        ],
        "scale": [
          1.0,
          1.0,
          1.0
        ]
      }
    }
  ]
}